[
  {
    "saloonId": 1,
    "name": "Elite Cuts",
    "phoneNumber": "9988776655",
    "address": {
      "city": "Gotham",
      "state": "NJ",
      "postalcode": 54321
    },
    "customerList": [
      {
        "customerId": 101,
        "name": "Alice Johnson",
        "emailId": "alice@example.com",
        "mobileNumber": "1234567890",
        "address": {
          "city": "Springfield",
          "state": "IL",
          "postalcode": 62704
        }
      },
      {
        "customerId": 102,
        "name": "Bob Smith",
        "emailId": "bob@example.com",
        "mobileNumber": "9876543210",
        "address": {
          "city": "Metropolis",
          "state": "NY",
          "postalcode": 10001
        }
      }
    ]
  }
]
